viewing_time,group
15.65666568,control
70.87521936,control
31.53048202,control
66.03361566,control
34.83449542,control
43.68370654,control
77.82763334,control
105.6418498,control
49.78085419,control
21.24317514,control
43.88386272,control
29.25076317,control
23.78179168,control
6.470244567,control
89.28347552,control
41.84383019,control
105.6156374,control
29.58367363,control
0.874853346,control
-1.198438058,control
34.00273693,control
16.86468167,control
0.633124851,control
66.7545841,control
65.34048298,control
42.35193096,control
61.14908593,control
72.32648387,control
49.24225965,control
85.68200512,control
102.8581208,control
114.4581526,control
52.38265808,control
95.7982534,control
76.82383772,control
45.27296183,control
93.36438445,control
25.99679819,control
66.57800372,control
31.07072953,control
62.28386542,control
24.39354086,control
62.92275063,control
21.27420186,control
-22.29543452,control
58.85381405,control
83.29771541,control
71.79417784,control
53.56415413,control
85.17660397,control
41.39426681,control
69.04989683,control
50.63566595,control
55.25812321,control
26.69154818,control
59.05839526,control
83.31575255,control
68.40261681,control
15.89008842,control
-8.067903837,control
95.97699377,control
87.37462972,control
39.55577133,control
48.44837568,control
12.33273471,control
47.64559425,control
45.30998937,control
69.05332971,control
105.2862244,control
47.61071433,control
72.69846085,control
33.5945081,control
81.82794402,control
107.910834,control
25.31308412,control
19.5907328,control
-6.061419018,control
124.8523209,control
106.8662689,control
20.47218408,control
19.17968903,control
53.90442247,control
72.92297263,control
43.87314642,control
104.1686721,control
79.22271571,control
75.73888484,control
74.73139541,control
25.55604269,control
60.82267937,control
93.36783189,control
2.907360494,control
84.74506172,control
50.11036214,control
54.55882079,control
1.981948809,control
49.57086647,control
79.72159029,control
92.50571769,control
84.54718291,control
-47.22582485,control
88.29982551,control
62.79514561,control
77.16917996,control
66.89942115,control
24.76397485,control
35.21025526,control
46.19630996,control
58.15238876,control
86.03938996,control
36.95354998,control
52.3951402,control
77.56452039,control
79.58012958,control
126.4099611,control
64.13377467,control
22.44697033,control
39.23955922,control
71.47215389,control
32.70930259,control
113.0190561,control
22.75208169,control
5.639602873,control
50.2915117,control
23.28843863,control
44.6315318,control
19.07120838,control
10.01383449,control
71.70035419,control
47.57506506,control
40.34499268,control
61.38385334,control
58.53010986,control
86.29816253,control
55.0006912,control
55.81999193,control
48.34807885,control
116.1091694,control
93.16702728,control
43.39503563,control
50.22829655,control
22.19253556,control
42.39130041,control
96.61185033,control
34.16078733,control
54.79748405,control
69.87461488,control
91.71296827,control
33.12435849,control
101.1196854,control
100.3254538,control
44.72982114,control
68.49324567,control
81.80642765,control
47.59710634,control
64.86075397,control
28.81585201,control
113.783051,control
40.78351899,control
50.88463429,control
63.41573482,control
63.92525083,control
20.5523777,control
80.29399451,control
76.29161424,control
28.974093,control
-9.831553849,control
51.38890438,control
20.78256044,control
-16.31691435,control
69.22939951,control
32.58025844,control
37.40600632,control
71.14783497,control
72.13737669,control
41.52699948,control
37.84166747,control
31.5466002,control
73.47073987,control
53.03400489,control
64.88577102,control
49.29692911,control
29.51369931,control
64.23138451,control
-6.477609562,control
55.9260294,control
78.52587075,control
-13.79898546,control
37.10360622,control
63.70724584,control
56.10351646,control
36.35679631,control
48.80471353,control
86.9596989,control
84.92614172,control
9.371438678,control
31.86479057,control
83.41312794,control
85.60419393,control
61.4689269,control
24.00097528,Test_1
75.24064893,Test_1
48.08386758,Test_1
67.06845224,Test_1
44.60197167,Test_1
78.36806366,Test_1
76.03337764,Test_1
74.3358643,Test_1
64.90215502,Test_1
120.206983,Test_1
72.33494563,Test_1
9.031897998,Test_1
92.02762854,Test_1
118.6523297,Test_1
100.8503673,Test_1
72.25796461,Test_1
73.38063634,Test_1
31.1308254,Test_1
89.60837469,Test_1
44.70455334,Test_1
82.39550402,Test_1
84.86085192,Test_1
49.16007042,Test_1
64.82157173,Test_1
57.1789647,Test_1
18.84577313,Test_1
24.30260549,Test_1
37.7917443,Test_1
29.60428559,Test_1
36.31038798,Test_1
58.21565217,Test_1
71.25855376,Test_1
90.68189169,Test_1
17.48566027,Test_1
68.06365665,Test_1
61.34910475,Test_1
47.70310345,Test_1
69.37626323,Test_1
44.16938585,Test_1
32.13000658,Test_1
59.62347984,Test_1
98.06645985,Test_1
38.53011042,Test_1
82.50518462,Test_1
58.78119612,Test_1
81.73862496,Test_1
56.5721969,Test_1
24.58050087,Test_1
52.26252038,Test_1
53.68021279,Test_1
73.56137833,Test_1
55.5690139,Test_1
46.80426439,Test_1
80.16267104,Test_1
-22.84973456,Test_1
29.60381531,Test_1
63.57455421,Test_1
75.58991651,Test_1
56.85054273,Test_1
70.54424979,Test_1
98.45727453,Test_1
75.67425447,Test_1
23.84287376,Test_1
73.88952791,Test_1
89.94408362,Test_1
78.36093788,Test_1
90.27816896,Test_1
71.12777247,Test_1
75.8322307,Test_1
94.11442963,Test_1
83.60144711,Test_1
49.8766153,Test_1
49.5311992,Test_1
65.91085384,Test_1
19.85380553,Test_1
61.89333361,Test_1
47.24215049,Test_1
47.60683743,Test_1
28.28527315,Test_1
35.40172113,Test_1
47.99959654,Test_1
59.6352452,Test_1
48.46731628,Test_1
53.28591536,Test_1
62.66053095,Test_1
105.2865991,Test_1
36.72463608,Test_1
77.53690539,Test_1
25.09950889,Test_1
56.63982209,Test_1
11.30899415,Test_1
99.51103486,Test_1
25.2864673,Test_1
92.28856073,Test_1
95.80447873,Test_1
87.159202,Test_1
41.2604916,Test_1
75.55455451,Test_1
111.9432802,Test_1
49.6211178,Test_1
11.55244111,Test_1
42.27524426,Test_1
61.32069846,Test_1
65.43045183,Test_1
38.81157735,Test_1
85.29538995,Test_1
43.38665438,Test_1
28.98817079,Test_1
57.3853436,Test_1
46.89940045,Test_1
-8.91772778,Test_1
63.06421262,Test_1
66.55646928,Test_1
73.9169694,Test_1
36.7617884,Test_1
64.58971805,Test_1
68.74438669,Test_1
82.83440441,Test_1
53.89885117,Test_1
38.02371395,Test_1
37.35086659,Test_1
85.63810234,Test_1
100.0326948,Test_1
21.80445342,Test_1
11.56132798,Test_1
76.25013032,Test_1
65.41511348,Test_1
51.98087132,Test_1
40.31292508,Test_1
56.28328924,Test_1
80.93477815,Test_1
45.55398697,Test_1
102.1004208,Test_1
83.83610426,Test_1
77.4960034,Test_1
79.70335148,Test_1
57.81758357,Test_1
32.95239636,Test_1
23.83305939,Test_1
38.51649957,Test_1
56.75134811,Test_1
50.63479404,Test_1
66.03263915,Test_1
41.17855752,Test_1
81.79140992,Test_1
31.39440653,Test_1
-2.068445249,Test_1
52.54086886,Test_1
77.09641487,Test_1
80.39463863,Test_1
60.22576015,Test_1
53.68515807,Test_1
39.68236677,Test_1
33.99383226,Test_1
49.03180632,Test_1
66.29991335,Test_1
82.18635493,Test_1
59.16229877,Test_1
85.01792675,Test_1
95.8564877,Test_1
32.95741105,Test_1
59.73164238,Test_1
94.14196665,Test_1
69.0853457,Test_1
69.34194282,Test_1
45.36764534,Test_1
59.65974639,Test_1
81.26828245,Test_1
152.3585691,Test_1
45.68391161,Test_1
71.39836758,Test_1
79.1477821,Test_1
61.53278648,Test_1
57.12494806,Test_1
34.12244304,Test_1
37.95368146,Test_1
60.97788379,Test_1
45.7961902,Test_1
60.61023193,Test_1
61.53517714,Test_1
48.31535455,Test_1
55.8411322,Test_1
58.41726766,Test_1
48.49621828,Test_1
55.12604258,Test_1
50.78772149,Test_1
67.60881599,Test_1
34.33342386,Test_1
14.15907362,Test_1
31.29419757,Test_1
74.62569273,Test_1
96.74252098,Test_1
85.353723,Test_1
72.82266744,Test_1
78.63250876,Test_1
13.90171467,Test_1
32.73814463,Test_1
23.33027289,Test_1
73.04769023,Test_1
29.74427635,Test_1
82.26423205,Test_2
77.28715908,Test_2
4.273283882,Test_2
56.96225946,Test_2
6.944830283,Test_2
127.6160284,Test_2
63.61943076,Test_2
31.98237968,Test_2
61.79542835,Test_2
4.713010947,Test_2
58.72980165,Test_2
43.73120079,Test_2
55.68882623,Test_2
2.763390727,Test_2
72.85235909,Test_2
82.7826546,Test_2
92.2212087,Test_2
18.95354711,Test_2
96.53470341,Test_2
71.21570842,Test_2
83.83617127,Test_2
53.56758069,Test_2
41.76227226,Test_2
154.6027834,Test_2
124.8048836,Test_2
30.52170472,Test_2
-9.493530594,Test_2
36.17212768,Test_2
64.01174178,Test_2
46.65225334,Test_2
78.47403907,Test_2
129.5352303,Test_2
101.4125714,Test_2
21.89412884,Test_2
95.5950395,Test_2
57.46317692,Test_2
68.75709377,Test_2
46.33190894,Test_2
111.2798465,Test_2
45.76276834,Test_2
54.84398281,Test_2
55.90632031,Test_2
54.03312882,Test_2
83.96554891,Test_2
45.47788222,Test_2
83.12049407,Test_2
20.42633166,Test_2
39.46305392,Test_2
47.09083217,Test_2
92.8753187,Test_2
49.50088274,Test_2
96.13364595,Test_2
73.5707125,Test_2
156.5801888,Test_2
44.49208851,Test_2
90.30889704,Test_2
55.22035869,Test_2
4.888154485,Test_2
111.2072274,Test_2
92.62967409,Test_2
85.63687819,Test_2
37.99072301,Test_2
17.43264792,Test_2
34.31976428,Test_2
62.25647668,Test_2
99.89613395,Test_2
30.80491643,Test_2
55.14950466,Test_2
72.07419411,Test_2
142.9642744,Test_2
64.15814775,Test_2
72.83742643,Test_2
68.22231279,Test_2
66.65456617,Test_2
89.30151516,Test_2
141.9591762,Test_2
74.38803527,Test_2
90.65091392,Test_2
46.80722845,Test_2
80.85005999,Test_2
74.9958598,Test_2
77.56081957,Test_2
59.79118855,Test_2
32.42937231,Test_2
18.0086166,Test_2
70.2396644,Test_2
118.3870673,Test_2
32.61534808,Test_2
18.89003463,Test_2
121.4117424,Test_2
56.69609714,Test_2
91.1332381,Test_2
35.79477307,Test_2
63.82742487,Test_2
70.541032,Test_2
36.38240316,Test_2
44.93447573,Test_2
83.60860075,Test_2
74.05979619,Test_2
70.79685696,Test_2
78.36797648,Test_2
104.9703245,Test_2
22.88631439,Test_2
101.1465889,Test_2
36.73852364,Test_2
44.40765856,Test_2
117.9948158,Test_2
178.0706642,Test_2
31.52190192,Test_2
120.9678352,Test_2
62.29621257,Test_2
91.00781822,Test_2
58.66657645,Test_2
63.6109606,Test_2
22.21824752,Test_2
29.17032884,Test_2
56.35045345,Test_2
86.97046555,Test_2
100.7331198,Test_2
109.3356029,Test_2
114.564564,Test_2
73.71558786,Test_2
66.5644961,Test_2
94.23981605,Test_2
84.993815,Test_2
67.11648133,Test_2
76.61345847,Test_2
104.2047684,Test_2
15.99835842,Test_2
149.5954395,Test_2
67.27630205,Test_2
64.60438621,Test_2
54.32996695,Test_2
60.49274069,Test_2
48.00927337,Test_2
78.28672581,Test_2
88.67773378,Test_2
118.4525861,Test_2
78.05886567,Test_2
83.32094316,Test_2
93.27256129,Test_2
75.92768687,Test_2
68.8657277,Test_2
85.9748476,Test_2
24.22770406,Test_2
26.99442196,Test_2
55.67456261,Test_2
46.19587399,Test_2
76.59052235,Test_2
61.5883558,Test_2
55.43025875,Test_2
7.021835207,Test_2
67.29595186,Test_2
98.07630234,Test_2
121.4209484,Test_2
45.27487949,Test_2
3.898949745,Test_2
108.4160337,Test_2
81.12569348,Test_2
41.0154054,Test_2
140.3849548,Test_2
115.4249813,Test_2
-18.28925744,Test_2
86.36835542,Test_2
53.22188204,Test_2
19.78543732,Test_2
92.63499308,Test_2
84.57535827,Test_2
86.11160731,Test_2
55.52878999,Test_2
0.210879238,Test_2
32.66657761,Test_2
89.51442087,Test_2
94.0624783,Test_2
84.59497305,Test_2
124.9204248,Test_2
76.35555775,Test_2
42.13118936,Test_2
56.40911699,Test_2
95.99817463,Test_2
43.20239747,Test_2
43.56740379,Test_2
7.611443614,Test_2
71.55743342,Test_2
-15.41366534,Test_2
86.18775046,Test_2
55.11499163,Test_2
105.3149765,Test_2
97.30089216,Test_2
113.8279154,Test_2
-1.683922593,Test_2
65.69339683,Test_2
57.87365275,Test_2
92.95974846,Test_2
63.77244053,Test_2
27.82825428,Test_2
152.5840298,Test_2
-0.034200081,Test_2
91.43391606,Test_2
70.55681513,Test_2
74.91069708,Test_3
58.8238567,Test_3
106.4582033,Test_3
71.66093536,Test_3
90.08771642,Test_3
34.79086505,Test_3
93.59477193,Test_3
79.1494869,Test_3
61.88964748,Test_3
74.62319059,Test_3
57.06676808,Test_3
39.86758598,Test_3
94.12353929,Test_3
86.89274703,Test_3
74.57516067,Test_3
75.70433327,Test_3
101.3572466,Test_3
88.64979078,Test_3
89.95047578,Test_3
49.14583176,Test_3
74.0546335,Test_3
49.12916418,Test_3
32.78444291,Test_3
37.41433368,Test_3
58.92176059,Test_3
72.82574584,Test_3
105.4125696,Test_3
67.79022355,Test_3
48.94901522,Test_3
8.439746221,Test_3
58.57648251,Test_3
57.6235515,Test_3
149.5422893,Test_3
64.40558146,Test_3
95.48501318,Test_3
46.73814875,Test_3
49.28682399,Test_3
63.22947742,Test_3
5.703668889,Test_3
77.53528855,Test_3
1.853934314,Test_3
88.96103022,Test_3
138.0459925,Test_3
74.63161671,Test_3
74.59655689,Test_3
54.15838095,Test_3
60.7293155,Test_3
67.14255932,Test_3
95.97761909,Test_3
18.63656388,Test_3
65.90093666,Test_3
77.49294416,Test_3
80.01335901,Test_3
110.6601447,Test_3
101.6382929,Test_3
116.6433615,Test_3
73.53197983,Test_3
67.21525364,Test_3
67.7285544,Test_3
45.95167612,Test_3
43.20967376,Test_3
64.0252777,Test_3
131.0865288,Test_3
94.84544907,Test_3
55.24065663,Test_3
68.17884359,Test_3
9.338226105,Test_3
17.67056416,Test_3
99.8455666,Test_3
-1.994788333,Test_3
60.07707666,Test_3
44.0207771,Test_3
49.50376445,Test_3
48.79456339,Test_3
50.49311821,Test_3
82.55834824,Test_3
54.68056345,Test_3
90.71847754,Test_3
90.89696434,Test_3
40.20242833,Test_3
39.19829033,Test_3
91.97128493,Test_3
125.9135974,Test_3
27.62294853,Test_3
96.54067292,Test_3
65.71053426,Test_3
28.93401544,Test_3
74.98085924,Test_3
65.33666796,Test_3
43.27766294,Test_3
70.49851623,Test_3
114.826739,Test_3
74.68204086,Test_3
21.64516884,Test_3
63.70642367,Test_3
73.74245549,Test_3
73.59983114,Test_3
17.40646708,Test_3
108.5045499,Test_3
55.20977411,Test_3
99.60665253,Test_3
71.13330001,Test_3
12.26529967,Test_3
119.4081608,Test_3
39.86721913,Test_3
74.6639086,Test_3
42.69360354,Test_3
102.2190389,Test_3
-14.02958995,Test_3
127.6828645,Test_3
37.51053453,Test_3
51.17655744,Test_3
57.73946628,Test_3
75.51692664,Test_3
140.3027385,Test_3
52.83914622,Test_3
80.62223101,Test_3
73.43141396,Test_3
72.67168717,Test_3
60.7879316,Test_3
64.27480051,Test_3
58.76721652,Test_3
76.0178194,Test_3
33.72812276,Test_3
72.93426887,Test_3
66.21894489,Test_3
65.50500252,Test_3
22.3930844,Test_3
42.02195637,Test_3
45.82181879,Test_3
59.63612313,Test_3
38.07873827,Test_3
46.11592758,Test_3
78.08177785,Test_3
19.19805683,Test_3
62.40196212,Test_3
-0.152721849,Test_3
16.4455772,Test_3
84.5897543,Test_3
85.05298609,Test_3
139.6840958,Test_3
65.59203437,Test_3
92.48529329,Test_3
31.90131271,Test_3
73.59436878,Test_3
40.66767328,Test_3
72.9831682,Test_3
67.53020896,Test_3
43.64774298,Test_3
58.07224553,Test_3
9.809830829,Test_3
23.62380532,Test_3
24.89292499,Test_3
52.98386608,Test_3
86.34954316,Test_3
71.96286179,Test_3
75.43846551,Test_3
82.89497416,Test_3
74.94689077,Test_3
44.63589238,Test_3
-15.61689678,Test_3
56.16040664,Test_3
95.56821927,Test_3
64.14960794,Test_3
32.157576,Test_3
42.75622441,Test_3
85.14670538,Test_3
107.0675177,Test_3
35.16959878,Test_3
76.40087397,Test_3
48.69012094,Test_3
59.38001909,Test_3
71.4868662,Test_3
91.86572493,Test_3
88.51159506,Test_3
69.64758743,Test_3
96.55071079,Test_3
34.94853571,Test_3
64.96575299,Test_3
67.92916687,Test_3
72.97334646,Test_3
38.73584712,Test_3
65.50868118,Test_3
53.88193438,Test_3
38.21752704,Test_3
1.478895803,Test_3
107.6750097,Test_3
57.33408141,Test_3
81.98108904,Test_3
-50.75728211,Test_3
102.6858577,Test_3
27.07030114,Test_3
72.30019502,Test_3
49.11966646,Test_3
58.32701706,Test_3
64.12691756,Test_3
88.24005692,Test_3
81.50380922,Test_3
76.81434929,Test_3
97.44529046,Test_3
44.42910965,Test_4
90.41433999,Test_4
67.61744978,Test_4
119.7051303,Test_4
92.80876024,Test_4
80.16029108,Test_4
86.98067977,Test_4
43.26003941,Test_4
40.48319571,Test_4
75.73164566,Test_4
-0.362586893,Test_4
83.66384528,Test_4
27.06817464,Test_4
36.19316607,Test_4
63.79155046,Test_4
129.8912502,Test_4
87.28338804,Test_4
128.4868508,Test_4
116.0896769,Test_4
58.2339576,Test_4
49.63239016,Test_4
21.04824773,Test_4
54.93722091,Test_4
111.5794726,Test_4
-2.714510428,Test_4
82.2994511,Test_4
95.39807811,Test_4
47.13942163,Test_4
71.54598319,Test_4
103.1167073,Test_4
97.48029908,Test_4
67.43863885,Test_4
35.18116899,Test_4
56.56220777,Test_4
27.77551088,Test_4
37.62703113,Test_4
91.83539892,Test_4
17.86324781,Test_4
32.05300613,Test_4
61.77549731,Test_4
72.85111166,Test_4
97.9253409,Test_4
35.41081423,Test_4
52.3094452,Test_4
91.1163519,Test_4
46.26287444,Test_4
82.31223083,Test_4
86.47663887,Test_4
43.69217837,Test_4
21.39057641,Test_4
65.68698356,Test_4
90.62825466,Test_4
62.35373927,Test_4
13.74600208,Test_4
101.3794434,Test_4
49.46044392,Test_4
149.335586,Test_4
39.35741725,Test_4
69.4253636,Test_4
116.0116141,Test_4
24.72441989,Test_4
86.5103709,Test_4
54.58603716,Test_4
32.53650863,Test_4
63.58986579,Test_4
44.70102655,Test_4
93.82285708,Test_4
74.89952997,Test_4
43.44642366,Test_4
27.4111342,Test_4
79.00557366,Test_4
60.43362411,Test_4
0.578019507,Test_4
74.84200371,Test_4
64.85280089,Test_4
70.58093502,Test_4
48.06932232,Test_4
130.8726569,Test_4
0.458780732,Test_4
82.82736788,Test_4
93.92767675,Test_4
89.69141168,Test_4
61.20941541,Test_4
72.79556905,Test_4
91.29003512,Test_4
51.07587642,Test_4
101.5529972,Test_4
70.77943816,Test_4
9.151488153,Test_4
84.37868575,Test_4
106.4409094,Test_4
44.39994512,Test_4
33.15691019,Test_4
84.52768849,Test_4
102.7829157,Test_4
81.56659178,Test_4
27.56949915,Test_4
70.49882325,Test_4
6.328748772,Test_4
76.25041403,Test_4
58.71782081,Test_4
68.06202916,Test_4
60.5585042,Test_4
36.30768145,Test_4
111.4831349,Test_4
114.2475148,Test_4
81.92848408,Test_4
-37.36124978,Test_4
72.47013251,Test_4
14.23829068,Test_4
37.27764084,Test_4
52.30409732,Test_4
39.49241201,Test_4
31.23912508,Test_4
65.94323316,Test_4
43.35015415,Test_4
8.78168281,Test_4
-33.93932736,Test_4
58.44241757,Test_4
52.28388928,Test_4
58.02844587,Test_4
62.74090074,Test_4
63.18500377,Test_4
117.7581102,Test_4
79.58109661,Test_4
52.40448604,Test_4
41.19926736,Test_4
41.41186548,Test_4
14.99455608,Test_4
147.5051472,Test_4
59.51076524,Test_4
42.39225808,Test_4
49.74150794,Test_4
85.69433974,Test_4
83.55798822,Test_4
57.06142141,Test_4
104.9573105,Test_4
91.63302115,Test_4
22.00977117,Test_4
75.37925465,Test_4
78.16148853,Test_4
29.33825385,Test_4
129.4061712,Test_4
53.63268812,Test_4
105.7061406,Test_4
106.2137848,Test_4
113.4672523,Test_4
66.66194231,Test_4
88.30566515,Test_4
24.41890134,Test_4
94.23773873,Test_4
72.98355003,Test_4
101.2837108,Test_4
36.6548124,Test_4
132.5035499,Test_4
35.67539962,Test_4
94.73609709,Test_4
79.17793828,Test_4
42.70273268,Test_4
62.83200246,Test_4
38.40492354,Test_4
90.42046881,Test_4
63.27254424,Test_4
43.21941614,Test_4
29.09861861,Test_4
57.30776864,Test_4
88.97776705,Test_4
83.95643903,Test_4
140.918653,Test_4
106.1986125,Test_4
44.72405506,Test_4
95.1155346,Test_4
87.60703207,Test_4
90.08980332,Test_4
63.33942398,Test_4
66.52054715,Test_4
88.38037193,Test_4
38.42497053,Test_4
79.96953919,Test_4
32.93140078,Test_4
79.66183328,Test_4
78.69074479,Test_4
54.00403597,Test_4
113.9672085,Test_4
92.41159085,Test_4
85.43653847,Test_4
119.5146043,Test_4
52.04689387,Test_4
82.34396704,Test_4
54.025123,Test_4
29.69260931,Test_4
142.2204878,Test_4
66.75373236,Test_4
67.75034222,Test_4
58.58263208,Test_4
29.30919785,Test_4
62.5425545,Test_4
90.14139066,Test_4
107.7370272,Test_4
166.8660758,Test_4
85.87480859,Test_5
58.36667336,Test_5
4.002137367,Test_5
27.21323832,Test_5
37.73247683,Test_5
86.31878815,Test_5
25.45697747,Test_5
62.00892045,Test_5
66.48378721,Test_5
101.7635521,Test_5
106.4675625,Test_5
62.87679741,Test_5
76.14811093,Test_5
15.51053878,Test_5
39.7663335,Test_5
89.85140048,Test_5
95.93157062,Test_5
59.17987495,Test_5
76.38254033,Test_5
75.45025326,Test_5
64.8431273,Test_5
38.01988766,Test_5
24.72751961,Test_5
94.34219429,Test_5
83.05565348,Test_5
65.20181422,Test_5
59.75384581,Test_5
0.735940991,Test_5
39.63550118,Test_5
57.34975358,Test_5
35.98924217,Test_5
16.85893759,Test_5
33.24284327,Test_5
55.86943827,Test_5
93.99998349,Test_5
13.61927187,Test_5
47.86706154,Test_5
80.402137,Test_5
32.14150782,Test_5
96.36121696,Test_5
37.11218558,Test_5
23.3302815,Test_5
65.19910934,Test_5
38.96152757,Test_5
63.90909699,Test_5
7.56816409,Test_5
87.43071943,Test_5
6.493795965,Test_5
120.0169949,Test_5
45.77989632,Test_5
48.33462849,Test_5
46.03916072,Test_5
70.19509474,Test_5
74.48268644,Test_5
58.78236379,Test_5
49.72765952,Test_5
16.15530935,Test_5
85.67009212,Test_5
86.50124675,Test_5
81.14424366,Test_5
68.39454872,Test_5
91.18285791,Test_5
55.63021372,Test_5
50.26915454,Test_5
38.98561825,Test_5
45.86404268,Test_5
52.00263968,Test_5
46.11046542,Test_5
88.47145795,Test_5
60.80825967,Test_5
90.15210455,Test_5
59.52473507,Test_5
27.50659385,Test_5
40.49131719,Test_5
-0.190189033,Test_5
62.65564898,Test_5
56.05446178,Test_5
10.86363449,Test_5
53.74298899,Test_5
13.64199941,Test_5
55.04583973,Test_5
83.14486677,Test_5
75.06419224,Test_5
56.82638975,Test_5
101.3795553,Test_5
24.92164999,Test_5
63.76966108,Test_5
76.56694005,Test_5
66.78585863,Test_5
-9.88008542,Test_5
58.46006655,Test_5
46.67800723,Test_5
21.98220823,Test_5
67.51421419,Test_5
57.35428234,Test_5
87.827812,Test_5
91.27478245,Test_5
66.70041947,Test_5
99.30487201,Test_5
50.18573836,Test_5
81.43549816,Test_5
73.56429281,Test_5
31.29844042,Test_5
83.11721813,Test_5
22.2399921,Test_5
64.90093834,Test_5
30.12432424,Test_5
54.5310713,Test_5
70.09992106,Test_5
114.549159,Test_5
78.80050771,Test_5
67.38723271,Test_5
59.67253413,Test_5
90.78369039,Test_5
74.0995411,Test_5
83.79443301,Test_5
98.37040805,Test_5
117.8872513,Test_5
54.20290743,Test_5
56.48127129,Test_5
91.59088034,Test_5
95.84866356,Test_5
47.4525146,Test_5
8.317912819,Test_5
18.44900077,Test_5
75.12967871,Test_5
49.71485454,Test_5
35.3044693,Test_5
64.4884851,Test_5
62.34385429,Test_5
65.1970246,Test_5
-6.550309502,Test_5
43.51614665,Test_5
23.8460146,Test_5
20.11593912,Test_5
79.42706177,Test_5
86.24857769,Test_5
29.27836145,Test_5
76.6540109,Test_5
32.22566712,Test_5
58.58038392,Test_5
94.69190012,Test_5
48.92171417,Test_5
89.11735943,Test_5
82.60138546,Test_5
66.06494014,Test_5
61.07247034,Test_5
23.14589077,Test_5
70.24695241,Test_5
57.40485378,Test_5
63.0568351,Test_5
44.96954556,Test_5
23.87077269,Test_5
68.963117,Test_5
16.08653008,Test_5
113.0443711,Test_5
-11.94924441,Test_5
59.04133977,Test_5
71.94725261,Test_5
88.67426387,Test_5
99.03486449,Test_5
83.68693304,Test_5
64.34906383,Test_5
51.36473341,Test_5
46.64084352,Test_5
39.76781966,Test_5
43.37451478,Test_5
51.49716974,Test_5
92.20083451,Test_5
96.50230964,Test_5
-16.91742708,Test_5
29.86512637,Test_5
34.40813931,Test_5
49.37868079,Test_5
59.49897495,Test_5
24.66109646,Test_5
3.866465845,Test_5
87.32239639,Test_5
105.2864411,Test_5
70.8426155,Test_5
52.28838518,Test_5
126.7263942,Test_5
46.30806141,Test_5
47.2183544,Test_5
69.9970079,Test_5
70.18225381,Test_5
65.07455322,Test_5
69.54400953,Test_5
63.90305045,Test_5
38.46447423,Test_5
18.71622695,Test_5
78.26797443,Test_5
57.4094241,Test_5
62.55029896,Test_5
67.81885954,Test_5
81.1928129,Test_5
34.57715025,Test_5
62.09692737,Test_5
69.32727411,Test_5
62.11953593,Test_5
90.17032954,Test_6
134.3804223,Test_6
76.69379833,Test_6
76.9949391,Test_6
88.46792718,Test_6
24.96135274,Test_6
52.92276438,Test_6
57.5371494,Test_6
69.58125121,Test_6
90.78210088,Test_6
82.17762665,Test_6
27.08336039,Test_6
89.44610236,Test_6
78.00056897,Test_6
93.1949835,Test_6
78.82871032,Test_6
87.13374823,Test_6
111.6064163,Test_6
69.50121025,Test_6
58.36294529,Test_6
48.28222243,Test_6
74.39791003,Test_6
26.64448884,Test_6
62.46334687,Test_6
66.96004095,Test_6
60.45011209,Test_6
56.96353081,Test_6
51.69121981,Test_6
48.32574916,Test_6
46.58393353,Test_6
96.52514415,Test_6
62.38140575,Test_6
106.5988459,Test_6
92.30069134,Test_6
35.12772126,Test_6
72.2944196,Test_6
64.33257204,Test_6
85.79195452,Test_6
55.12681332,Test_6
39.28278307,Test_6
28.18845743,Test_6
67.23091506,Test_6
99.07887344,Test_6
100.2685207,Test_6
49.41228715,Test_6
53.52630482,Test_6
52.31609595,Test_6
49.77754339,Test_6
96.11494087,Test_6
56.84713201,Test_6
28.3278322,Test_6
89.83245765,Test_6
68.43572928,Test_6
59.56770219,Test_6
125.8221902,Test_6
73.09368136,Test_6
89.07248713,Test_6
85.01726554,Test_6
83.49137758,Test_6
84.20852948,Test_6
72.81037636,Test_6
27.77654822,Test_6
49.29910537,Test_6
72.13915927,Test_6
74.00244685,Test_6
60.93116233,Test_6
27.69763004,Test_6
64.73182074,Test_6
42.60820507,Test_6
88.45257796,Test_6
105.7818967,Test_6
-10.18242546,Test_6
96.35878762,Test_6
79.91162763,Test_6
90.30728315,Test_6
101.3034631,Test_6
99.8568711,Test_6
69.99720975,Test_6
75.26618989,Test_6
63.77680431,Test_6
115.6279758,Test_6
62.81697685,Test_6
33.71499072,Test_6
62.30152961,Test_6
44.0489952,Test_6
48.05967623,Test_6
101.2680059,Test_6
40.03194763,Test_6
60.15763286,Test_6
102.5651405,Test_6
84.80574297,Test_6
77.92930873,Test_6
51.36068318,Test_6
32.45425926,Test_6
75.8607929,Test_6
119.2834119,Test_6
88.60065582,Test_6
101.3158166,Test_6
43.13468128,Test_6
59.17142326,Test_6
92.56821503,Test_6
39.9068367,Test_6
22.79045495,Test_6
55.33653092,Test_6
77.36767846,Test_6
79.82715559,Test_6
70.20528704,Test_6
52.67935632,Test_6
82.33229081,Test_6
67.43671537,Test_6
59.6462294,Test_6
69.07382387,Test_6
83.10104896,Test_6
83.88694369,Test_6
62.3375309,Test_6
43.80192921,Test_6
85.93639011,Test_6
77.0329701,Test_6
75.74535577,Test_6
48.5699734,Test_6
44.98859916,Test_6
95.63695728,Test_6
75.37566037,Test_6
56.7036873,Test_6
52.96021526,Test_6
51.44768497,Test_6
73.06461452,Test_6
94.27484,Test_6
31.27982477,Test_6
73.9973627,Test_6
61.03628389,Test_6
59.35292232,Test_6
59.26757202,Test_6
93.06566845,Test_6
70.13604709,Test_6
64.11307669,Test_6
71.70474999,Test_6
70.23472404,Test_6
67.83869938,Test_6
70.07675144,Test_6
84.09496609,Test_6
52.022292,Test_6
22.13507203,Test_6
120.4258754,Test_6
66.75421866,Test_6
67.39337801,Test_6
114.8575407,Test_6
78.85107202,Test_6
30.96280535,Test_6
79.49625831,Test_6
40.67835557,Test_6
84.63231415,Test_6
62.1813927,Test_6
20.62478225,Test_6
37.25903593,Test_6
15.13453016,Test_6
26.6759621,Test_6
86.58621948,Test_6
67.61601951,Test_6
51.71591613,Test_6
26.38687122,Test_6
117.9827066,Test_6
76.25736103,Test_6
31.78949521,Test_6
45.16073454,Test_6
67.6996345,Test_6
47.83914459,Test_6
98.15168565,Test_6
50.47132491,Test_6
59.61536232,Test_6
20.42666765,Test_6
92.29931795,Test_6
48.50413198,Test_6
56.42398515,Test_6
69.89854972,Test_6
62.56643795,Test_6
73.98021633,Test_6
104.1933845,Test_6
89.64412946,Test_6
26.18128807,Test_6
44.77244687,Test_6
58.43296052,Test_6
109.5381513,Test_6
43.33103618,Test_6
15.03214715,Test_6
56.30044048,Test_6
20.64660305,Test_6
114.5174914,Test_6
112.6424503,Test_6
82.35336632,Test_6
85.02517626,Test_6
58.44179908,Test_6
93.74057596,Test_6
117.0716207,Test_6
53.6154316,Test_6
28.12443756,Test_6
54.23292191,Test_6
70.9503044,Test_6
27.95223321,Test_6
55.23983843,Test_6
93.64750586,Test_7
59.15891826,Test_7
73.97426614,Test_7
88.27826302,Test_7
19.28057257,Test_7
37.18355958,Test_7
84.32321601,Test_7
59.47909196,Test_7
53.44589215,Test_7
106.9778456,Test_7
75.07875173,Test_7
85.63030116,Test_7
17.42639339,Test_7
95.19127393,Test_7
36.72821503,Test_7
57.03329569,Test_7
84.01197592,Test_7
36.54130735,Test_7
50.8316079,Test_7
76.07469181,Test_7
61.15536221,Test_7
78.98077948,Test_7
61.76529527,Test_7
80.2277323,Test_7
77.72497865,Test_7
77.55885494,Test_7
91.06917307,Test_7
54.4370218,Test_7
44.66422051,Test_7
85.70189292,Test_7
72.84132722,Test_7
36.39539017,Test_7
60.76321831,Test_7
16.60276564,Test_7
57.35563276,Test_7
33.384565,Test_7
76.30536629,Test_7
25.30295677,Test_7
90.43019062,Test_7
22.86286171,Test_7
61.55811407,Test_7
78.17967921,Test_7
68.82786568,Test_7
66.55038583,Test_7
67.66959408,Test_7
37.36827349,Test_7
41.24866771,Test_7
91.5799558,Test_7
121.0184722,Test_7
35.05071182,Test_7
29.24976132,Test_7
67.0209109,Test_7
39.97768543,Test_7
72.57218646,Test_7
43.90091849,Test_7
57.73132984,Test_7
74.60297183,Test_7
105.5358092,Test_7
35.9836307,Test_7
108.7935788,Test_7
47.97500782,Test_7
56.73321218,Test_7
103.100919,Test_7
52.58768605,Test_7
31.53110466,Test_7
96.9961657,Test_7
69.66918807,Test_7
94.58615824,Test_7
71.95737387,Test_7
55.31422134,Test_7
50.48007136,Test_7
102.9572874,Test_7
111.1589093,Test_7
32.8900522,Test_7
80.41426429,Test_7
72.59671721,Test_7
63.9137685,Test_7
31.85620781,Test_7
7.166157281,Test_7
55.47141077,Test_7
31.8350426,Test_7
24.11911551,Test_7
53.99331113,Test_7
57.92196153,Test_7
57.86773663,Test_7
66.48826781,Test_7
61.77350323,Test_7
58.44363074,Test_7
24.64758076,Test_7
94.00292501,Test_7
10.11290757,Test_7
63.98991576,Test_7
109.3965732,Test_7
72.24911793,Test_7
57.12614351,Test_7
89.16006089,Test_7
78.88076595,Test_7
55.31371315,Test_7
61.79626726,Test_7
88.14165743,Test_7
67.43760753,Test_7
80.00455005,Test_7
66.43020008,Test_7
71.92374391,Test_7
52.85525893,Test_7
60.78874474,Test_7
56.62258592,Test_7
53.46047868,Test_7
69.42720681,Test_7
76.6956728,Test_7
40.91776946,Test_7
79.33216555,Test_7
22.48528716,Test_7
16.57436952,Test_7
34.33552878,Test_7
6.837898832,Test_7
11.19502339,Test_7
82.0769018,Test_7
99.75669071,Test_7
62.33017696,Test_7
64.41299043,Test_7
72.2934045,Test_7
77.63224267,Test_7
103.6436932,Test_7
38.50061157,Test_7
40.684633,Test_7
47.8404758,Test_7
74.81637247,Test_7
54.86810683,Test_7
49.96837753,Test_7
21.47809989,Test_7
72.78695143,Test_7
53.87574582,Test_7
71.72882887,Test_7
76.92396763,Test_7
61.13890258,Test_7
-18.25644401,Test_7
70.87168798,Test_7
70.53412871,Test_7
84.48018207,Test_7
37.8986739,Test_7
38.24503336,Test_7
60.93481911,Test_7
66.52877126,Test_7
92.87676907,Test_7
12.37625113,Test_7
52.19954224,Test_7
5.486980726,Test_7
63.56785015,Test_7
63.91995707,Test_7
92.67101804,Test_7
26.16014108,Test_7
46.84497431,Test_7
74.09360159,Test_7
66.45362611,Test_7
48.76852581,Test_7
66.69254571,Test_7
58.3452983,Test_7
47.24826177,Test_7
38.87928437,Test_7
59.46692337,Test_7
45.27935826,Test_7
90.39464738,Test_7
50.45219305,Test_7
92.24831324,Test_7
91.03328819,Test_7
-1.898476966,Test_7
106.6130083,Test_7
29.3703708,Test_7
-9.592194753,Test_7
95.53905233,Test_7
23.96406205,Test_7
63.4809598,Test_7
76.81626323,Test_7
12.38157762,Test_7
89.64186946,Test_7
56.5524008,Test_7
69.44067578,Test_7
56.07362592,Test_7
79.77756018,Test_7
23.56443001,Test_7
106.0138619,Test_7
30.46514208,Test_7
72.1313413,Test_7
40.93749617,Test_7
9.375833265,Test_7
72.31795215,Test_7
67.93696787,Test_7
89.19699927,Test_7
73.69798393,Test_7
47.35740429,Test_7
66.20942747,Test_7
20.52972884,Test_7
63.36864372,Test_7
63.84802155,Test_7
57.20082293,Test_7
73.60999381,Test_7
26.38737244,Test_7
35.46370463,Test_7
69.99331013,Test_7
80.96393523,Test_8
58.0246513,Test_8
53.90689708,Test_8
48.57116823,Test_8
25.19417273,Test_8
47.96400053,Test_8
80.9751514,Test_8
75.81596639,Test_8
66.67483639,Test_8
77.18335544,Test_8
9.524974658,Test_8
72.29625126,Test_8
50.26272025,Test_8
29.29126667,Test_8
66.96776756,Test_8
80.97814979,Test_8
37.79817733,Test_8
92.87513786,Test_8
50.88184569,Test_8
22.7758687,Test_8
65.59126549,Test_8
70.366949,Test_8
64.8585858,Test_8
64.51602594,Test_8
47.90901345,Test_8
63.59667751,Test_8
41.4563255,Test_8
78.53124373,Test_8
52.34103827,Test_8
84.70397119,Test_8
51.56765028,Test_8
84.34814037,Test_8
29.7968554,Test_8
34.47733198,Test_8
31.32996489,Test_8
105.2722056,Test_8
55.8093024,Test_8
89.4587044,Test_8
29.17979246,Test_8
58.82926308,Test_8
44.99696039,Test_8
51.57195794,Test_8
-18.59410212,Test_8
95.98790362,Test_8
76.7574586,Test_8
24.75149255,Test_8
16.51339321,Test_8
87.24401667,Test_8
17.82167723,Test_8
35.88700259,Test_8
63.75137522,Test_8
44.7676727,Test_8
23.122484,Test_8
5.132619473,Test_8
47.15136828,Test_8
107.0621026,Test_8
44.17586305,Test_8
70.89791277,Test_8
40.72478306,Test_8
51.17623334,Test_8
22.90271708,Test_8
73.56834408,Test_8
54.59250668,Test_8
80.31639572,Test_8
61.16947799,Test_8
48.22390616,Test_8
19.53791604,Test_8
21.58007037,Test_8
73.14005156,Test_8
84.74339252,Test_8
42.96581524,Test_8
72.01444829,Test_8
102.8278069,Test_8
27.26213067,Test_8
47.6221199,Test_8
88.80282498,Test_8
77.28219042,Test_8
64.8456921,Test_8
1.505853249,Test_8
49.42874943,Test_8
56.28648578,Test_8
22.73825736,Test_8
69.59997989,Test_8
96.83256565,Test_8
63.51380704,Test_8
58.68167282,Test_8
67.83935529,Test_8
63.4163601,Test_8
83.53884614,Test_8
65.86341327,Test_8
59.89384333,Test_8
55.89126694,Test_8
44.9691256,Test_8
76.19190982,Test_8
48.78874081,Test_8
26.56926147,Test_8
36.96633357,Test_8
-11.07790215,Test_8
57.0461795,Test_8
5.619987607,Test_8
76.30478361,Test_8
53.15067965,Test_8
24.62058044,Test_8
16.90806953,Test_8
53.24746307,Test_8
87.29867136,Test_8
30.78704973,Test_8
58.36112614,Test_8
50.20807821,Test_8
57.48459763,Test_8
-5.712490572,Test_8
83.7435087,Test_8
63.12036581,Test_8
-2.169405548,Test_8
34.65997387,Test_8
48.34816475,Test_8
69.92405454,Test_8
18.36085177,Test_8
49.66561828,Test_8
28.09346592,Test_8
95.19714801,Test_8
87.82820572,Test_8
53.44672804,Test_8
23.50929934,Test_8
61.09347983,Test_8
129.59444,Test_8
29.72166468,Test_8
36.0100606,Test_8
-7.035251106,Test_8
68.27951315,Test_8
21.04703861,Test_8
74.43502865,Test_8
65.23968196,Test_8
64.72487516,Test_8
57.27757284,Test_8
44.06813695,Test_8
63.80829131,Test_8
24.02501756,Test_8
-12.52546467,Test_8
9.267427075,Test_8
115.0554012,Test_8
97.60673208,Test_8
21.21792095,Test_8
-0.383519212,Test_8
84.38068915,Test_8
55.18168222,Test_8
70.78507426,Test_8
37.65505591,Test_8
93.58935693,Test_8
40.93367671,Test_8
92.92876688,Test_8
73.31675577,Test_8
41.10975964,Test_8
57.15065697,Test_8
50.49683553,Test_8
11.64154497,Test_8
79.79377243,Test_8
32.66109008,Test_8
32.21477799,Test_8
67.60138709,Test_8
51.45413531,Test_8
64.23810997,Test_8
69.55664161,Test_8
111.3052761,Test_8
-1.13684073,Test_8
85.21911144,Test_8
51.47000334,Test_8
43.93561889,Test_8
61.02044701,Test_8
42.32810794,Test_8
57.47203411,Test_8
29.25904885,Test_8
70.69349369,Test_8
3.850134138,Test_8
-13.06476829,Test_8
77.67659273,Test_8
23.12922999,Test_8
35.90087381,Test_8
111.9749128,Test_8
27.32601128,Test_8
18.34336127,Test_8
75.77326811,Test_8
18.84648127,Test_8
59.98368505,Test_8
44.0474562,Test_8
79.71298233,Test_8
82.32645284,Test_8
24.09543842,Test_8
3.637978275,Test_8
84.75511287,Test_8
65.57814553,Test_8
119.5937248,Test_8
52.86949653,Test_8
112.6409891,Test_8
12.13692907,Test_8
61.51977081,Test_8
36.29068249,Test_8
67.09550805,Test_8
32.26801525,Test_8
81.94216292,Test_8
60.22122036,Test_9
63.0385402,Test_9
45.93841855,Test_9
55.07130453,Test_9
39.71260075,Test_9
37.94546911,Test_9
38.97828876,Test_9
49.78650372,Test_9
36.92962345,Test_9
36.24488119,Test_9
57.47855285,Test_9
71.60511478,Test_9
36.51042524,Test_9
50.32277341,Test_9
91.30610592,Test_9
26.46033799,Test_9
52.89767926,Test_9
19.85639245,Test_9
121.3076452,Test_9
72.62417238,Test_9
37.10907606,Test_9
-3.74470538,Test_9
5.632415926,Test_9
50.36314767,Test_9
90.6559089,Test_9
20.64870832,Test_9
57.75541403,Test_9
71.54322424,Test_9
65.2997597,Test_9
81.32891109,Test_9
86.49296879,Test_9
67.87285766,Test_9
123.6827722,Test_9
-12.20922995,Test_9
67.52643367,Test_9
65.5393953,Test_9
52.93911096,Test_9
64.02172971,Test_9
126.597068,Test_9
82.41741737,Test_9
68.57295534,Test_9
88.10345799,Test_9
45.99990793,Test_9
30.62414999,Test_9
77.11766925,Test_9
27.10511612,Test_9
127.0035661,Test_9
55.94355435,Test_9
77.49724351,Test_9
86.44457762,Test_9
38.93855748,Test_9
-10.01482787,Test_9
29.47395512,Test_9
28.72170442,Test_9
9.014534258,Test_9
29.28613914,Test_9
75.0486825,Test_9
100.9298496,Test_9
44.62595799,Test_9
55.01908168,Test_9
46.51435796,Test_9
62.34657659,Test_9
115.9637363,Test_9
76.44689095,Test_9
50.81517647,Test_9
42.49167281,Test_9
78.1066297,Test_9
112.5573826,Test_9
56.72926465,Test_9
55.15205774,Test_9
56.747887,Test_9
48.8679784,Test_9
108.0313996,Test_9
-3.278538326,Test_9
41.95098994,Test_9
12.18186428,Test_9
33.80586927,Test_9
81.24094105,Test_9
72.02944157,Test_9
105.3387185,Test_9
75.67935564,Test_9
26.44561916,Test_9
111.3835257,Test_9
19.6463271,Test_9
92.98304301,Test_9
26.24412602,Test_9
45.51116396,Test_9
84.79974023,Test_9
94.69958531,Test_9
37.99236771,Test_9
75.22721729,Test_9
64.45446743,Test_9
-16.98833436,Test_9
60.15777748,Test_9
95.83138578,Test_9
54.57172355,Test_9
18.91393313,Test_9
61.81011184,Test_9
27.85243288,Test_9
108.4250887,Test_9
46.70700848,Test_9
81.6545303,Test_9
64.41008528,Test_9
91.82370626,Test_9
59.8135943,Test_9
105.8588475,Test_9
66.46493643,Test_9
55.54119746,Test_9
76.22406818,Test_9
98.29273744,Test_9
27.80175793,Test_9
41.43539656,Test_9
73.54970953,Test_9
8.181944221,Test_9
66.26228035,Test_9
112.5234865,Test_9
30.30876148,Test_9
59.39677092,Test_9
79.40889058,Test_9
31.65762728,Test_9
122.3750763,Test_9
60.30542974,Test_9
94.23241294,Test_9
36.98178538,Test_9
49.86147933,Test_9
35.65100006,Test_9
47.64244809,Test_9
11.22917976,Test_9
82.15778282,Test_9
-31.65036634,Test_9
28.5993152,Test_9
94.85894505,Test_9
32.19641465,Test_9
82.06238262,Test_9
0.492787752,Test_9
10.96819411,Test_9
82.98288332,Test_9
-18.61245235,Test_9
53.36246029,Test_9
102.375396,Test_9
-5.016584832,Test_9
105.3366101,Test_9
90.68042399,Test_9
123.0054763,Test_9
87.97743089,Test_9
55.14905548,Test_9
31.04828106,Test_9
18.93950625,Test_9
41.36139721,Test_9
76.09474209,Test_9
131.700099,Test_9
41.70522994,Test_9
28.81250513,Test_9
99.5760093,Test_9
96.6944712,Test_9
87.90891595,Test_9
86.17141327,Test_9
92.27400851,Test_9
2.488936487,Test_9
7.37890859,Test_9
26.99679093,Test_9
107.057047,Test_9
76.22393146,Test_9
88.71390531,Test_9
55.19665015,Test_9
72.89711815,Test_9
33.42658866,Test_9
53.94097641,Test_9
113.6771276,Test_9
119.034747,Test_9
86.41808481,Test_9
83.16106338,Test_9
23.42169542,Test_9
32.87716931,Test_9
57.27240789,Test_9
86.82068662,Test_9
45.22018506,Test_9
89.22248355,Test_9
105.2039908,Test_9
43.29030283,Test_9
75.92747849,Test_9
101.7788896,Test_9
145.0822308,Test_9
100.7614309,Test_9
76.52385484,Test_9
73.19834283,Test_9
96.77783623,Test_9
96.90899255,Test_9
52.82370828,Test_9
59.21706297,Test_9
44.44515654,Test_9
39.88499402,Test_9
59.56948455,Test_9
91.41641246,Test_9
34.68256828,Test_9
64.71453329,Test_9
60.89865009,Test_9
102.4108091,Test_9
99.73321073,Test_9
49.87984233,Test_9
